Product Number,Product Name,Product Category,Brand Name,Seller Name,Price Details,Positive Seller Ratings,Ship on Time,Return Policy
Product 01,Oppo F15 Antishock Drop Resistance Transparent TPU Case Silicone Back Cover,Mobiles & Tablets/Mobile Accessories/Phone Cases,No Brand,Future Accessories,"Original: Rs. 399, Discounted: Rs. 149",91%,99%,14 days free & easy return (Change of mind is not applicable)
Product 02,High Quality Retro Magnetic Flip Leather Case For Apple iPhone 12 Pro Max Phone Case Wallet Card Cover,Mobiles & Tablets/Mobile Accessories/Phone Cases,No Brand,HCAXY,"Original: Rs. 2279, Discounted: Rs. 1322",92%,100%,14 days free & easy return (Change of mind is not applicable)
Product 03,Nokia C1 ShockProof Anti-Burst Scratch Proof Transparent TPU Mobile Back Case,Mobiles & Tablets/Mobile Accessories/Phone Cases,No Brand,SG Trader 1642704589,"Original: Rs. 199, Discounted: Rs. 119",85%,93%,14 days free & easy return (Change of mind is not applicable)
Product 04,High Quality Retro Magnetic Flip Leather Case For Samsung Galaxy A70 Phone Case Wallet Card Cover,Mobiles & Tablets/Mobile Accessories/Phone Cases,No Brand,HCAXY,"Original: Rs. 2279, Discounted: Rs. 1322",92%,100%,14 days free & easy return (Change of mind is not applicable)
Product 05,Vivo V20 SE Black Soft Silicon Back Cover,Mobiles & Tablets/Mobile Accessories/Phone Cases,No Brand,Future Accessories,"Original: Rs. 249, Discounted: Rs. 169",91%,99%,14 days free & easy return (Change of mind is not applicable)
Product 06,High Quality Retro Magnetic Flip Leather Case For Samsung Galaxy S21 Ultra 5G Phone Case Wallet Card Cover,Mobiles & Tablets/Mobile Accessories/Phone Cases,No Brand,HCAXY,"Original: Rs. 2279, Discounted: Rs. 1322",92%,100%,14 days free & easy return (Change of mind is not applicable)
Product 07,High Quality Retro Magnetic Flip Leather Case For Samsung Galaxy Note 20 Phone Case Wallet Card Cover,Mobiles & Tablets/Mobile Accessories/Phone Cases,No Brand,HCAXY,"Original: Rs. 2279, Discounted: Rs. 1322",92%,100%,14 days free & easy return (Change of mind is not applicable)
Product 08,Infinix Note 7 Soft Shock Proof Jelly Back Cover Transparent,Mobiles & Tablets/Mobile Accessories/Phone Cases,No Brand,SG Trader 1642704589,"Original: Rs. 199, Discounted: Rs. 119",85%,93%,14 days free & easy return (Change of mind is not applicable)
Product 09,TPU Phone Case For Alcatel 1SE 2020-black,Mobiles & Tablets/Mobile Accessories/Phone Cases,No Brand,Nafanmu,"Original: Rs. 926, Discounted: Rs. 619",85%,100%,14 days free & easy return (Change of mind is not applicable)
Product 10,Vivo Y21 Airbag Case Anti Shock and Anti-Scratch Resistant Clear View Transparent Silicone Back Cover,Mobiles & Tablets/Mobile Accessories/Phone Cases,No Brand,GADGETERZ,"Original: Rs. 399, Discounted: Rs. 149 | Original: Rs. 399, Discounted: Rs. 149",90%,94%,14 days free & easy return (Change of mind is not applicable)
Product 11,New Under Water Mobile Cover - Waterproof Mobile Phone Pouch Case - Waterproof Mobile Cover,Mobiles & Tablets/Mobile Accessories/Phone Cases,No Brand,Mazhar Traders (Karachi),"Original: Rs. 199, Discounted: Rs. 149",89%,100%,14 days free & easy return (Change of mind is not applicable)
Product 12,High Quality Retro Magnetic Flip Leather Case For Oppo F19 | Oppo F19s | Oppo A74 4G | Oppo A95 4G | Oppo Reno6 Lite 4G Phone Case Wallet Card Cover,Mobiles & Tablets/Mobile Accessories/Phone Cases,No Brand,HCAXY,"Original: Rs. 2279, Discounted: Rs. 1322",92%,100%,14 days free & easy return (Change of mind is not applicable)
Product 13,Universal Waterproof Mobile Pouch | Cover | Case for IPhone Android - Water Proof Cover Bag Mobile Phone Protector Universal Waterproof Mobile Pouch Case for All IOS and Android - Water Proof Cover Bag Mobile Phone Protector,Mobiles & Tablets/Mobile Accessories/Phone Cases,No Brand,SAAD COLLECTIONS 1607837941,"Original: Rs. 300, Discounted: Rs. 120",85%,95%,14 days free & easy return (Change of mind is not applicable)
Product 14,Google Pixel 3 Transparent Silicon Back Cover Bumper Case for Google Pixel 3,Mobiles & Tablets/Mobile Accessories/Phone Cases,No Brand,AA mobile shop,"Original: Rs. 399, Discounted: Rs. 215",88%,84%,14 days free & easy return (Change of mind is not applicable)
Product 15,OPPO F7 Soft Case Modern Color Transparent TPU Shielding Back Cover,Mobiles & Tablets/Mobile Accessories/Phone Cases,No Brand,KD Accessories (Karachi),"Original: Rs. 299, Discounted: Rs. 139",88%,91%,14 days free & easy return (Change of mind is not applicable)
Product 16,Google Pixel 4XL TPU Silicone Soft Thin Back Case Cover Without Bumper Google Pixel 4XL- Clear,Mobiles & Tablets/Mobile Accessories/Phone Cases,No Brand,QB Onilne Store,"Original: Rs. 400, Discounted: Rs. 201",90%,42%,14 days free & easy return (Change of mind is not applicable)
Product 17,High Quality Retro Magnetic Flip Leather Case For Samsung Galaxy A14 5G Phone Case Wallet Card Cover,Mobiles & Tablets/Mobile Accessories/Phone Cases,No Brand,HCAXY,"Original: Rs. 2279, Discounted: Rs. 1322",92%,100%,14 days free & easy return (Change of mind is not applicable)
Product 18,Iphone 14 Pro Max Soft Shock Proof Jelly Back Cover Transparent,Mobiles & Tablets/Mobile Accessories/Phone Cases,No Brand,UZ Trader,"Original: Rs. 199, Discounted: Rs. 119",89%,91%,14 days free & easy return (Change of mind is not applicable)
Product 19,High Quality Retro Magnetic Flip Leather Case For Samsung Galaxy A73 5G Phone Case Wallet Card Cover,Mobiles & Tablets/Mobile Accessories/Phone Cases,No Brand,HCAXY,"Original: Rs. 2279, Discounted: Rs. 1322",92%,100%,14 days free & easy return (Change of mind is not applicable)
Product 20,Infinix Hot 10i Soft Silicone Back Cover - Shockproof,Mobiles & Tablets/Mobile Accessories/Phone Cases,No Brand,Accessories Den,"Original: Rs. 289, Discounted: Rs. 199",91%,99%,14 days free & easy return (Change of mind is not applicable)
Product 21,Vivo S1 Pro Soft Shock Proof Jelly Back Cover Transparent,Mobiles & Tablets/Mobile Accessories/Phone Cases,No Brand,SG Trader 1642704589,"Original: Rs. 199, Discounted: Rs. 119",85%,93%,14 days free & easy return (Change of mind is not applicable)
Product 22,High Quality Retro Magnetic Flip Leather Case For Samsung Galaxy Note 10 Plus Phone Case Wallet Card Cover,Mobiles & Tablets/Mobile Accessories/Phone Cases,No Brand,HCAXY,"Original: Rs. 2279, Discounted: Rs. 1322",92%,100%,14 days free & easy return (Change of mind is not applicable)
Product 23,High Quality Retro Magnetic Flip Leather Case For Samsung Galaxy A53 5G Phone Case Wallet Card Cover,Mobiles & Tablets/Mobile Accessories/Phone Cases,No Brand,HCAXY,"Original: Rs. 2279, Discounted: Rs. 1322",92%,100%,14 days free & easy return (Change of mind is not applicable)
Product 24,High Quality Retro Magnetic Flip Leather Case For Apple iPhone 13 Pro Max Phone Case Wallet Card Cover,Mobiles & Tablets/Mobile Accessories/Phone Cases,No Brand,HCAXY,"Original: Rs. 2279, Discounted: Rs. 1322",92%,100%,14 days free & easy return (Change of mind is not applicable)
Product 25,Vivo S1 Pro Rich Boss Synthetic Leather Flip Cover,Mobiles & Tablets/Mobile Accessories/Phone Cases,No Brand,A to Z Shop (Rawalpindi),"Original: Rs. 1999, Discounted: Rs. 1222 | Original: Rs. 1999, Discounted: Rs. 1333",68%,100%,14 days free & easy return (Change of mind is not applicable)
Product 26,QAGS Oppo A52 Soft Transparent Tpu Case Silicone Ultra Thin Back Cover 1mm,Mobiles & Tablets/Mobile Accessories/Phone Cases,No Brand,Ali Gadgets (Islamabad),"Original: Rs. 300, Discounted: Rs. 99",90%,99%,14 days free & easy return (Change of mind is not applicable)
Product 27,Infinix Note 10 Pro Soft Shock Proof Jelly Back Cover Transparent,Mobiles & Tablets/Mobile Accessories/Phone Cases,No Brand,SG Trader 1642704589,"Original: Rs. 199, Discounted: Rs. 119",85%,93%,14 days free & easy return (Change of mind is not applicable)
Product 28,Realme_C21Y AirBag ShockProof Anti-Burst Scratch Proof Transparent TPU Mobile Back Case,Mobiles & Tablets/Mobile Accessories/Phone Cases,No Brand,KD Accessories (Karachi),"Original: Rs. 299, Discounted: Rs. 139",88%,91%,14 days free & easy return (Change of mind is not applicable)
Product 29,Huawei Y7 Prime 2019 MATTE BLACK FLEXIBLE TPU CASE SLIM COVER - SHOCKPROOF,Mobiles & Tablets/Mobile Accessories/Phone Cases,No Brand,Future Accessories,"Original: Rs. 300, Discounted: Rs. 199",91%,99%,14 days free & easy return (Change of mind is not applicable)
Product 30,WATERPROOF MOBILE COVER,Mobiles & Tablets/Mobile Accessories/Phone Cases,No Brand,cloth shop and other items,"Original: Rs. 300, Discounted: Rs. 149",82%,95%,14 days free & easy return (Change of mind is not applicable)
Product 31,For ZTE Blade V30 Vita Skin Feel Butterfly Peony Embossed Leather Phone Case,Mobiles & Tablets/Mobile Accessories/Phone Cases,No Brand,XHC,"Original: Rs. 2443, Discounted: Rs. 1693 | Original: Rs. 2281, Discounted: Rs. 1581 | Original: Rs. 2380, Discounted: Rs. 1649",89%,100%,14 days free & easy return (Change of mind is not applicable)
Product 32,Apple iPhone 12 Pro max  Rich Boss Synthetic Leather Flip Cover,Mobiles & Tablets/Mobile Accessories/Phone Cases,No Brand,Phone Tech,"Original: Rs. 1999, Discounted: Rs. 888",86%,98%,14 days free & easy return (Change of mind is not applicable)
Product 33,infinix Smart 5 soft shock proof jelly back cover transparent,Mobiles & Tablets/Mobile Accessories/Phone Cases,No Brand,UZ Trader,"Original: Rs. 199, Discounted: Rs. 119",89%,91%,14 days free & easy return (Change of mind is not applicable)
Product 34,Vivo S1 Soft Shock Proof Jelly Back Cover Transparent,Mobiles & Tablets/Mobile Accessories/Phone Cases,No Brand,SG Trader 1642704589,"Original: Rs. 199, Discounted: Rs. 119",85%,93%,14 days free & easy return (Change of mind is not applicable)
Product 35,Samsung Galaxy A32 Soft Shock Proof Jelly Back Cover Transparent,Mobiles & Tablets/Mobile Accessories/Phone Cases,No Brand,SG Trader 1642704589,"Original: Rs. 199, Discounted: Rs. 119",85%,93%,14 days free & easy return (Change of mind is not applicable)
Product 36,Underwater Waterproof Rainproof Mobile Case PVC Bag Transparent Touch Screen Premium Cell Phone Pouch Cover For Travel Hiking Rainy Season Monsoon,Mobiles & Tablets/Mobile Accessories/Phone Cases,No Brand,Bunyad Collection (Karachi),"Original: Rs. 200, Discounted: Rs. 180",90%,97%,14 days free & easy return (Change of mind is not applicable)
Product 37,High Quality Retro Magnetic Flip Leather Case For Samsung Galaxy Note 20 Ultra Phone Case Wallet Card Cover,Mobiles & Tablets/Mobile Accessories/Phone Cases,No Brand,HCAXY,"Original: Rs. 2279, Discounted: Rs. 1322",92%,100%,14 days free & easy return (Change of mind is not applicable)
Product 38,Tecno Spark 20 Pro Plus Back Cover Soft Dust Plug Transparent TPU Camera Protection Phone Case,Mobiles & Tablets/Mobile Accessories/Phone Cases,No Brand,MBS Traders,"Original: Rs. 1000, Discounted: Rs. 299",91%,100%,14 days free & easy return (Change of mind is not applicable)
Product 39,Samsung Note 9 Rich Boss Synthetic Leather Flip Cover,Mobiles & Tablets/Mobile Accessories/Phone Cases,No Brand,J.K Tech,"Original: Rs. 1999, Discounted: Rs. 1099",80%,100%,14 days free & easy return (Change of mind is not applicable)
Product 40,Tecno Camon 12 Air Soft Shock Proof Jelly Back Cover Transparent,Mobiles & Tablets/Mobile Accessories/Phone Cases,No Brand,SG Trader 1642704589,"Original: Rs. 199, Discounted: Rs. 119",85%,93%,14 days free & easy return (Change of mind is not applicable)
Product 41,IPhone 7 Plus Soft Shock Proof Jelly Back Cover Transparent,Mobiles & Tablets/Mobile Accessories/Phone Cases,No Brand,SG Trader 1642704589,"Original: Rs. 199, Discounted: Rs. 119",85%,93%,14 days free & easy return (Change of mind is not applicable)
Product 42,High Quality Retro Magnetic Flip Leather Case For Samsung Galaxy Note 10 Phone Case Wallet Card Cover,Mobiles & Tablets/Mobile Accessories/Phone Cases,No Brand,HCAXY,"Original: Rs. 2279, Discounted: Rs. 1322",92%,100%,14 days free & easy return (Change of mind is not applicable)
